Variable,Coefficient,Std Error,P-value
s6,20.196792215854373,34.942079373053105,0.5632588958432672
s6,11.686656383065646,22.61192485458893,0.6052706598534832
s6,41.043065839887355,22.682040052296397,0.0703739461650846
