Variable,Coefficient,Std Error,P-value
s6,2.209211793036374,5.493057574845119,0.6875496982645997
s6,7.872225186155333,8.85451153277845,0.37396882196890724
s6,-0.3391505230065692,3.3448635225262766,0.919237359633881
