Variable,Coefficient,Std Error,P-value
oilreserves,4.066276875909353e-05,0.00012948673433682716,0.7534979629638667
oilreserves,0.00014113700084847892,0.00025184925555960967,0.5752047957040596
