Variable,Coefficient,Std Error,P-value
oilreserves,4.0760303804426856e-05,0.00012948317429888273,0.7529193727872192
oilreserves,0.0001405927279369507,0.00025238689733665827,0.5774916253446112
