Variable,Coefficient,Std Error,P-value
oilreserves,4.1866768003130664e-05,0.0001300119050928253,0.7474355949859313
oilreserves,0.0001405927279369507,0.00025238689733665827,0.5774916253446112
