,Variable,Instrument,Coefficient,Std Error,P-value
0,s6,transport,33.971197078406014,36.02830465828951,0.345730512745396
1,s6,transport,47.56302014940512,60.36141435288501,0.4307139004535094
2,s6,transport,33.856677909757046,35.91640671118191,0.3458588573066961
3,s6,transport,14.598854256073524,14.955898488507929,0.3290016014088066
4,s6,transport,78.29632693927095,198.11498497890116,0.6926905067273319
5,s6,transport,14.586746894939704,14.963581408792296,0.329651263172293
6,s6,transport,6.547762626527548,7.108269706120883,0.356973588406495
7,s6,transport,-106.25991505330408,1296.5932506136571,0.9346839604338752
8,s6,transport,6.50342815819012,7.02683962472544,0.3546993661481192
