,Variable,Instrument,Coefficient,Std Error,P-value
0,s6,transport,33.822479179129004,35.90309491817489,0.3461674891861148
1,s6,transport,47.39341340157109,60.15887071933858,0.4308112208234698
2,s6,transport,33.70706048047824,35.789276084772915,0.3462847397136899
3,s6,transport,14.64375490695238,15.086071909090364,0.3317074355153555
4,s6,transport,77.6614532760525,195.84529372372893,0.6917030881243695
5,s6,transport,14.631495178645348,15.094267705590974,0.3323749923649042
6,s6,transport,6.48957075108774,7.030082627853227,0.3559475730164623
7,s6,transport,6.445286604962794,6.948796645168866,0.3536462511542231
