,Variable,Instrument,Coefficient,Std Error,P-value
0,s6,World GVC,-0.0013448248613549,0.073291427710719,0.985360432742441
1,s6,World GVC,-0.0127816370497058,0.081738959180456,0.8757402642088856
2,s6,World GVC,-0.0038603917885453,0.0729815259627631,0.9578151973488088
3,s6,World GVC,0.011429347990738,0.0119770383089825,0.3399461595390551
4,s6,World GVC,0.0191442739096524,0.0141522494449666,0.1761396102319876
5,s6,World GVC,0.0145414516841466,0.0121068881297195,0.2297166305960654
6,s6,World GVC,-0.0232357696955754,0.0269105622782848,0.3878932706505542
7,s6,World GVC,-0.0265260457037498,0.0258346390031363,0.3045321804945495
8,s6,World GVC,-0.0282408584773824,0.0265068773725856,0.2866875963561606
