,Variable,Instrument,Coefficient,Std Error,P-value
0,s6,World GVC,-0.3133801086805761,32.7280753002734,0.9923601578379312
1,s6,World GVC,-5.304334358820321,35.53235677301108,0.8813312718138244
2,s6,World GVC,-1.4352547385254857,32.578875905081894,0.964860749645704
3,s6,World GVC,1.5972751803928986,1.6587673978058064,0.3355831705517764
4,s6,World GVC,3.1496458249523647,2.324601654456588,0.1754435195170143
5,s6,World GVC,2.027743740664268,1.6774104259470617,0.2267190701224641
6,s6,World GVC,-0.981324430089444,1.1274919333127515,0.3841034320387217
7,s6,World GVC,-1.1900497236417746,1.111081523349842,0.2841364846495451
