Variable,Instrument,Coefficient,Std Error,P-value
s6,transport,1.1641532182693481e-10,2.00301084915152e-09,0.9536529118855914
s6,World GVC,3.637978807091713e-12,1.0064674743728755e-11,0.7177554923843672
