Variable,Instrument,Coefficient,Std Error,P-value
s6,transport,-2.1827872842550278e-11,9.33362222937789e-09,0.998134046307755
s6,World GVC,-3.126388037344441e-13,4.634258077480109e-13,0.4999138148542941
