Variable,Instrument,Coefficient,Std Error,P-value
s6,transport,8.003553375601768e-11,3.503945473584182e-10,0.8193232672382043
s6,World GVC,-9.947598300641403e-14,3.1393885420331237e-14,0.0015315292886741716
