Variable,Instrument,Coefficient,Std Error,P-value
s1,transport,-1.0785545605659954e-09,3.053782675261527e-07,0.9971819859686935
s1,World GVC,-7.055968740256101e-10,7.57745271757649e-08,0.9925703697931292
s2,transport,3.4300133066982737e-10,1.1249774649781884e-06,0.9997567280498001
s2,World GVC,-8.549408412621578e-11,4.565633038608144e-08,0.9985059165000303
s6,transport,4.086881612165129e-09,1.9029759159399523e-06,0.9982864432459779
s6,World GVC,1.7875010523862383e-11,6.580720620323548e-08,0.999783273055207
s10,transport,3.125444122424484e-08,4.222633238460644e-06,0.9940943939466289
s10,World GVC,-1.8014742835794868e-09,4.486414271517891e-07,0.9967961838385397
