Variable,Instrument,Coefficient,Std Error,P-value
s6,transport,2.7298060796169e-10,1.9967121869810456e-08,0.9890920569800576
s6,World GVC,3.1924567370148654e-13,2.6739389734164484e-13,0.23251108945699173
