Variable,Instrument,Coefficient,Std Error,P-value
s6,transport,-4.015987542516086e-09,3.003742134815099e-06,0.9989332328282217
s6,World GVC,-1.77280412572145e-12,6.588832791736133e-08,0.9999785319633117
