Variable,Instrument,Coefficient,Std Error,P-value
s6,transport,-4.001776687800884e-11,8.191829984483258e-10,0.9610381764664864
s6,World GVC,2.2737367544323206e-13,6.4034232595328135e-12,0.9716745524677013
