Variable,Coefficient,Std Error,P-value
oilreserves,0.02802260740802471,0.002459721528647863,0.0
oilreserves,0.031784480695254747,0.002382340126677012,0.0
oilreserves,0.054756276170025285,0.016718215445276487,0.0010556982389704095
