Variable,Coefficient,Std Error,P-value
oilreserves,0.02802260740802468,0.0024597215286477903,0.0
oilreserves,0.03178448069525465,0.002382340126677134,0.0
oilreserves,0.054756276170019796,0.01671821544528184,0.001055698238975555
